book_name,writer_name,type,characters
আনন্দমঠ,Bankim Chandra,novel,"মহেন্দ্র , কল্যাণী, ব্রহ্মচারী, বনবাসী, ভবানন্দ , গোঁসাই, ( বৈষ্ণব, ধীরানন্দ ) , সত্যানন্দ, নিমি , নিমাই, জীবানন্দ,  শান্তি , গৌরী , সুকুমারী"
ইন্দিরা,Bankim Chandra,novel,"হরমোহন দত্ত, কামিনী, (কৃষ্ণদাস বসু , কৃষ্ণদাস বাবু), বসুজপত্নী,  সুভাষিণী, হারাণী, রামরাম বাবু , গৃহিণী, ( ইন্দিরা, আমি ) , উপেন্দ্র"
কপালকুণ্ডলা,Bankim Chandra,novel,"নবকুমার, কাপালিক, (কপালকুণ্ডলা, মৃন্ময়ী), অধিকারী, (মতিবিবি, লুৎফউন্নিসা, পদ্মাবতী), শ্যামাসুন্দরী, জাহাঁঙ্গীর, সেলিম"
কৃষ্ণকান্তের উইল,Bankim Chandra,novel,"কৃষ্ণকান্ত রায়, (গোবিন্দলাল, কুমতি , সুমতি), রোহিণী, ক্ষীরি, বিনোদলাল,  শৈলবতী, হরলাল, ব্রহ্মানন্দ, ভ্রমর, বিনোদিনী, সুরধুনী, মাধবীনাথ, নিশাকর, যামিনী, শচীকান্ত "
চন্দ্রশেখর,Bankim Chandra,novel,"চন্দ্রশেখর, প্রতাপ, মহম্মদ তকি খাঁর, রমানন্দ স্বামী , মীরকাসেম , শৈবলিনী , দলনী বেগম, লরেন্স ফষ্টর,  কুল্‌সম, গুর্‌গণ খাঁ , বকাউল্লা , গল্‌ষ্টন‍ , জন্‌সন, রামচরণ, আমীর হোসেন , সুন্দরী"
দুর্গেশনন্দিনী,Bankim Chandra,novel,"জগৎসিংহ, জয়ধর, বীরেন্দ্র, বিমলা, (দুর্গেশনন্দিনী, তিলোত্তমা), ওসমান খাঁ, কতলু খাঁ, (অম্বররাজ, মানসিংহ, দিল্লীশ্বরের), আশমানি, শৈলেশ্বর,  আয়েষা, অভিরাম, রহিম"
দেবী চৌধুরাণী,Bankim Chandra,novel,"(প্রফুল্ল,  প্রফুল্লমুখী, দেবী চৌধুরাণী, দেবী রাণী, রাণীজি) , সাগর, হরবল্লভ ,  (ব্রজেশ্বর, ব্রজ), ভবানী ঠাকুর, রঙ্গরাজ , গিন্নী, ( নয়নতারা, নয়ান ) ,  ব্রহ্মঠাকুরাণী, ফুলমণি,  অলকমণি ,  পাঁচকড়ি, নিশি, লেফটেেনাণ্ট ব্রেনান, দিবা "
বিষবৃক্ষ,Bankim Chandra,novel,"(নগেন্দ্রনাথ, নগেন্দ্র), (কুন্দনন্দিনী, কুন্দ), সূর্যমুখী, দেবেন্দ্র, বিনোদ,  ( কমল, কমলমণি ) , তারাচরণ, হরিদাসী, শ্রীশচন্দ্র , ব্রহ্মচারী,  হীরা , কৌশল্যা , সতীশ "
মৃণালিনী,Bankim Chandra,novel,"মৃণালিনী,   গৌড়েশ্বর, হেমচন্দ্র, ঊর্ণনাভ, মাধবাচার্য , দিগ্বিজয়, মণিমালিনী,  গিরিজায়া, ব্যোমকেশ, হৃষীকেশ , পশুপতি, জনার্দন , মনোরমা, (মহম্মদ আলি , যবন), শান্তশীল,  দুর্গাদাস"
যুগলাঙ্গুরীয়,Bankim Chandra,novel,"ধনদাস, হিরণ্ময়ী, অমলা, অমলা, পুরন্দর, আনন্দস্বামী, রাজা "
রজনী,Bankim Chandra,novel,"রজনী, শচীন্দ্র ,  মোহিনী , লবঙ্গলতা, রামসদয়, হীরালাল , গোবিন্দকান্ত , হরেকৃষ্ণ , গোপাল বাবু, রাজচন্দ্র দাস , অমরনাথ , বিষ্ণুরাম বাবু , সন্ন্যাসী, মালী বৌ"
রাজসিংহ,Bankim Chandra,novel,
রাধারাণী,Bankim Chandra,novel,"রাধারাণী, ( রুক্মিণীকুমার,  দেবেন্দ্রনারায়ণ ) , সমভিব্যাহারী, পদ্মলোচন , কামাখ্যা বাবু, বসন্ত , দেওয়ানজি"
সীতারাম,Bankim Chandra,novel,"সীতারাম , শ্রী, (জয়ন্তী , সন্ন্যাসিনী),  চন্দ্রচূড়, গঙ্গারাম, চন্দ্রচূড়, ( চাঁদশাহ, শাহ সাহেব ) ,  রমা  ,  নন্দা , মুরলা , মৃণ্ময়, ভৈরবী "
অচিনপুর,Humayun Ahmed,novel,"বাদশা মামা, নবুমামা , নানাজান, লিলি, হাসনা , টগর, লালমামি, সফুরা খালা, হাসান আলী ,  রঞ্জু"
অনিল বাগচির একদিন,Humayun Ahmed,novel,"অনিল, (আয়ুব আলি, আয়ুব), আবু হোসেন, মুক্তি , (সুরেশ বাগচী, সুরেশ), ( মোক্তার পাগলি, পাগলি),  ( গফুর সাহেব, গফুর) , অতসী , জোবায়েদ , (কর্নেল এলাহী, কর্নেল) , বরুণ, পাপিয়া"
অন্ধকারের গান (১৯৯৭),Humayun Ahmed,novel,"বুলু, ওসমান গনি, মিজান সাহেব,  লীনা, বাবলু,  ফরিদা, বীণা , বোরহান সাহেব , প্রফেসর বড়ুয়া , অলিক, মজনু মিয়া , রাহেলা, বাবু "
অন্যদিন,Humayun Ahmed,novel,"সফিক , রশীদ মিয়া, (জ্যোতির্ষিণব, নিশানাথ বাবু), রঞ্জু , পারুল , করিম সাহেব, আজীজ সাহেব , সিরাজ সাহেব , নবী সাহেব , শেলী "
অপরাহ্ন,Humayun Ahmed,novel,"(মনিরউদ্দিন , মনির), শরিফা, নিবারণ , খবির হোসেন, অন্তু মিয়া, দবির, জলিল, বজলু সরকার , নিয়ামত খাঁ "
অপেক্ষা,Humayun Ahmed,novel,"সুরাইয়া, ইমন, জামিলুর রহমান, মিতু, ফাতেমা, সুপ্ৰভা, শোভন, ফিরোজ , আকলিমা বেগম, হাসানুজ্জামান, রকিব সাহেব , নবনী "
আকাশ জোড়া মেঘ,Humayun Ahmed,novel," ফিরোজ,  অপালা , হেলেনা, ( বি. করিম, করিম ), নিশানাথবাবু, গোমেজ, ফখরুদ্দিন সাহেব, রমিজ সাহেব, হাজি সাহেব, তাজিন, লতিফা, সোমা"
আজ চিত্রার বিয়ে,Humayun Ahmed,novel,"চিত্রা, শায়লা, ফরিদা, রহমান সাহেব , মীরা, আহসান, মজনু, রতন , পূর্তমন্ত্রী , জহির, বাবু , নিজাম সাহেব"
আমাদের সাদা বাড়ি (১৯৯৬),Humayun Ahmed,novel,"(বুনো , বুনোভাই) , রিমি , পলি , জিতু , (রঞ্জু  , আমি) , নীতু , শ্রাবণী ,  মইনুদিন , বাবা  , মা  , তানিয়া , মুনিয়া , শোভা , (মেজোভাই , ইস্তিয়াক), বড় আপা "
আশাবরী (১৯৯১),Humayun Ahmed,novel,"বাবা  ,  মা , (ভাইয়া , রঞ্জু ) , মীরা , সুলায়মান সাহেব , দুলু  , ব্যারিস্টার সাহেব , রেনু , আভা"
আসমানীরা তিন বোন (২০০২),Humayun Ahmed,novel,"আসমানী, জামদানী, পয়সা, জমির আলী, বশির মোল্লা  , আছিয়া  , রমিলা  , ইয়াকুব সাহেব , হারুন , তৈয়ব আলী , খসরু , কালু , বগা চাচা ,  পোর্টার  , রকিবউদ্দিন ,  মতিন "
ইস্টিশন (১৯৯৯),Humayun Ahmed,novel,"রঞ্জু  , (আজহার উদ্দিন , বাবা) , সুরমা ,  টগর , কুসুম , রহিমা , বদরুল স্যার  , রহমান চাচা , কামরুল , (জাপানি ইঞ্জিনিয়ার) , হারুন , জমশেদ "
উড়ালপঙ্খী (২০০২),Humayun Ahmed,novel,"মুহিব  , শামসুদ্দিন সাহেব  , মনোয়ারা  , ইয়াসমিন , তৌফিকুর রহমান , নোরা  , ইসকান্দর  , সফিক , হারুন , মহসিন  ,রেজা  , ইয়াকুব  ,  আরজু সাহেব , যূথী  , তোফাজ্জল  , বুলু  , শিকদার সাহেব , খায়রুল  , রহমতউল্লাহ "
এইসব দিনরাত্রি (১৯৯০),Humayun Ahmed,novel,"শফিক  , শাহানা , করিম , নীলু  , আনিস ,  টুনি , শারমিন , রফিক , সাব্বির , মনোয়ারা , কবির সাহেব  ,  রহমান সাহেব  , হোসেন সাহেব  , টলম্যান  , শওকত  ,  বাবলু "
কবি (১৯৯৬)- হুমায়ূন আহমেদ,Humayun Ahmed,novel,"আতাহার  , সাজাদ  , মজিদ  , রশীদ সাহেব , সালমা বানু , মিলি  , হোসেন সাহেব  , নিতু , গনি সাহেব , লীলাবতী , কণা , মদিনা  , মোসাদ্দেক , জহির  , ফরহাদ , ওয়াদুদ সাহেব , জাহেদা  , আবদুল্লাহ"
কোথাও কেউ নেই,Humayun Ahmed,novel,"মুনা  , বাকের  , বদি  , মজনু  , মতি , বকুল , মামুন  , পাল বাবু  , ফরিদা , আলম সাহেব , বাবু  , জলিল মিয়া , টিনা , শওকত সাহেব , লতিফা  , ফজলু , হাসান , জাহানারা  , সিদ্দিক সাহেব , "
নন্দিত নরকে (১৯৭০),Humayun Ahmed,novel,"রাবেয়া, মাস্টার কাকা , মা  , শীলু  , মন্টু ,  রুনু , হারুন , নাহার , খোকা ,  রমিজ "
প্রিয়তমেষু (১৯৮৮),Humayun Ahmed,novel,"পুষ্প  , নিশাত  , জহির  , রকিব , মিজান , সরদার এ করিম , মিশ্র বাবু , পল্টু , সুরমা  , নুরুদ্দিন , মীরু , খালেকুজ্জামান"
বহুব্রীহি (১৯৯০),Humayun Ahmed,novel,"সোবাহান সাহেব , বিলু , মিলি  , মিনু , কাদের , ফরিদ , মনসুর , টগর  , রহিমার মা , পুতুল ,  এমদাদ খোন্দকার , নিশা  , রাত্ৰি "
মেঘ বলেছে যাব যাব,Humayun Ahmed,novel,"হাসান , তিতলী , তারেক , রীনা , লাবনী , লায়লা , হিশামুদ্দিন , চিত্রলেখা , সুমি , শওকত , নাদিয়া , আশরাফুজ্জামান , লিটন , মতিনউদ্দিন  , সুরাইয়া , শম্পা , রকিব , আম্বিয়া খাতুন , সেকান্দর আলী , রহমান "
মেঘের ছায়া (১৯৯৩),Humayun Ahmed,novel,
শঙ্খনীল কারাগার (১৯৭৩),Humayun Ahmed,novel,"আবিদ হোসেন , রাবেয়া , রুনু  , ঝুনু ,  নিনু ,  মন্টু  , মা ,  বাবা , সুহাসিনী , কিটকি , আতিক  , সবুজ , মনসুর  , নিলু ,  খোকা"
 শেষের কবিতা,Rabindranath Tagore,novel,"অমিত, নবকৃষ্ণ, সিসি, লিসি, লিলি, নিবারণ, জ্ঞানদাশংকর, যোগমায়া, রামলোচন, যতিশংকর, সুরমা, লাবণ্য, শোভনলাল, ননীগোপাল, অবনীশ, অমরেশ, কুমার, নরেন,  কেটি"
গোরা,Rabindranath Tagore,novel,"গোরা, বিনয়, আনন্দময়ী, বরদাসুন্দরী, পরেশবাবু, মহিম, সুচরিতা, অবিনাশ, মতিলাল, বসন্ত , রমাপতি, ব্রাউন্‌লো , ললিতা, সতীশ, শশিমুখী, হরিমোহিনী, হারানবাবু"
ঘরে বাইরে,Rabindranath Tagore,novel,"(বিমলা, বিমল), (সন্দীপ, সন্দীপবাবু) ,  গিল্‌বি, নিখিল,  মুনু, চন্দ্রনাথবাবু, মক্ষী, হরিমতি, মেজোরানী, পঞ্চু, বড়োরানী, অমূল্য"
চতুরঙ্গ,Rabindranath Tagore,novel,"শচীশ, উইল্‌কিন্‌স্‌ , জগমোহন,  হরিমোহন, পুরন্দর , ননি, লীলানন্দস্বামী, দামিনী, শিবতোষ, গুরুজি"
চার অধ্যায়,Rabindranath Tagore,novel,"এলা, অখিল, নরেশ, মায়াময়ী, সুরেশ , মাধবী, ইন্দ্রনাথ, উমা, সুকুমার, কানাইগুপ্ত, কানাই, (অতীন্দ্রবাবু, অন্তু, অতীন)"
চোখের বালি,Rabindranath Tagore,novel,"বিনোদিনী, হরিমতি, রাজলক্ষ্মী, মহেন্দ্র, বিহারী, আশা, অন্নপূর্ণা  "
দুই বোন,Rabindranath Tagore,novel,"শর্মিলা, শশাঙ্ক, মথুরদাদা, (রাজারামবাবু ,রাজারাম), হেমন্ত, (ঊর্মিমালা, ঊর্মি ), নীরদ"
নৌকাডুবি,Rabindranath Tagore,novel,"রমেশ, (অন্নদাবাবু, অন্নদা) , হেমনলিনী, অক্ষয়, ব্রজমোহন, ঈশান, সুশীলা, কমলা, তারিণীচরণ, যোগেন্দ্র, নলিনাক্ষ, উমেশ, 
শৈলজা, ক্ষেমংকরী, মুকুন্দবাবু"
বউ-ঠাকুরানীর হাট,Rabindranath Tagore,novel,"বিভা, বসন্ত, সুরমা , (রামচন্দ্র, সেনাপতি),  রুক্মিণী, (উদয়াদিত্য, যুবরাজ), (প্রতাপাদিত্য, মহারাজ, প্রতাপ), মন্ত্রী, পাঠান, উমেশ, রমাই, হরিশংকর, (ফর্নান্ডিজ, সেনাপতি), রামমোহন, সীতারাম, মঙ্গলা, মাতঙ্গ , মহিষী, ভাগবত"
মালঞ্চ,Rabindranath Tagore,novel,"নীরজা, রোশনি, রমেন , আদিত্য, সরলা, গণেশ"
যোগাযোগ,Rabindranath Tagore,novel,"অবিনাশ, মুকুন্দলাল, ( কুমু , কুমুদিনী ) , ছাত্রবন্ধু, নবগোপাল, বিপ্রদাস, ( মধুসূদন , মধু ) , হাবলু, আনন্দ ঘোষাল, নন্দরানী, দেওয়ানজি,  ( শ্যামাসুন্দরী, শ্যামা ) "
আগুন পাখির রহস্য (১৯৯৪),Sunil Gangopadhyay,thriller(kakababu),"( কাকাবাবু , রায়চৌধুরী ) , সন্তু  , জোজো  , রঘু  , অরিন্দম  , অনির্বাণ  , টোবি দত্ত , ( কর্নেল ,  সমর ) , অমিয়ভূষণ , ডাক্তার ,  শৈবাল  , মণিকা  , মালবিকা , সুশীল , সেলিম , মামুন , ফাগুলাল , চুনি "
উল্কা-রহস্য (১৯৯০),Sunil Gangopadhyay,thriller(kakababu),"( কাকাবাবু , রায়চৌধুরী ) , সন্তু  , অম্বর  , ( বিচারক , বৃদ্ধ , জজসাহেব  ) , কুমার সিং , ভুবন দাস , কার্ল  , বেয়ারা  , প্ৰবীর  , ভার্গব , ( ভূপেন  ,   বড়ঠাকুর ) , ইউসুফ , পদ্মনাভন , রাজীব "
কলকাতার জঙ্গলে (১৯৮৬),Sunil Gangopadhyay,thriller(kakababu),"( কাকাবাবু , রায়চৌধুরী ) , সন্তু  ,   দেবলীনা  ,  শৈবাল দত্ত  , ধ্রুব রায় , রাজকুমার  , টাইগার  , জগাই মল্লিক "
কাকাবাবু ও বজ্র লামা (১৯৯০),Sunil Gangopadhyay,thriller(kakababu),"( কাকাবাবু , রায়চৌধুরী ) , সন্তু  ,  নরেন্দ্র ভার্মা , নরবু , ( বজ্র লামা , লামাজি ) , ফিলিপ তামাং , বীরেন্দ্র সিং ,  প্রাচীন লামা , অ্যালবার্ট গুরুং , জগমোহন  "
কাকাবাবু হেরে গেলেন (১৯৯২),Sunil Gangopadhyay,thriller(kakababu),"( কাকাবাবু , রায়চৌধুরী ) , সন্তু  , বিমান , দীপা , অসিত  , ভানু  , ব্ৰজেন , কমিশনার  , রঘু  ,  নজরুল ইসলাম "
কাকাবাবুর প্রথম অভিযান (১৯৯৭),Sunil Gangopadhyay,thriller(kakababu),"( কাকাবাবু , রায়চৌধুরী ) , সন্তু  ,  জোজো   ,   অংশু  , কামাল , বাবা , মা , নরেন্দ্র ভার্মা , ডালিমকুমার  , সূর্যপ্রসাদ ,  জাভেদ দুরানি , অবোধরাম পেহলবান "
খালি জাহাজের রহস্য (১৯৮১),Sunil Gangopadhyay,thriller(kakababu),"( কাকাবাবু , রায়চৌধুরী ) , সন্তু  ,  জোজো   , বিমান , সারেঙসাহেব , সাধু , রণবীর ভট্টাচার্য , আকবর খান ,  প্রশান্ত দত্ত , রেঞ্জার , কাশেম , হারু দফাদার  , ( ইংগামার স্মেল্ট , বৃদ্ধ )"
পাহাড় চূড়ায় আতঙ্ক (১৯৮১),Sunil Gangopadhyay,thriller(kakababu),"( কাকাবাবু , রায়চৌধুরী ) , সন্তু  ,  মিংমা  , ভার্মা , নোরবু  , রানা , জং বাহাদুর  , কেইন শিপটন , টমাস ত্ৰিভুবন "
বিজয়নগরের হিরে (১৯৮৯),Sunil Gangopadhyay,thriller(kakababu),"( কাকাবাবু , রায়চৌধুরী ) , সন্তু  ,  জোজো   ,  মোহন সিং  , জানকী , কস্তুরী  , রঞ্জন  , রিঙ্কু , শর্মাজি , বিরজু সিং "
ভয়ংকর সুন্দর (কাকাবাবু) (১৯৭২),Sunil Gangopadhyay,thriller(kakababu),"( কাকাবাবু , রায়চৌধুরী ) , ( সন্তু  , আমি ) ,  সূচা সিং , ( স্নিগ্ধাদি  , স্নিগ্ধা ) , ( সিদ্ধাৰ্থদা , সিদ্ধাৰ্থ ) , রিণি , মীর্জা আলি  , গুরুবচ্চন সিং "
সন্তু ও এক টুকরো চাঁদ (১৯৯৩),Sunil Gangopadhyay,thriller(kakababu),"( কাকাবাবু , রায়চৌধুরী ) , সন্তু  ,  জোজো   ,  কন্ডাক্টর , মা , নাসির হোসেন , নরেন্দ্র ভার্মা , ঠাকুর সিং  , মহিম , ( নুরুল , নুরুলসাহেব ) ,  রোশনি , আমিনা , কতার সিং , এস. পি , সাইমন বুবুম্বা "
"সন্তু কোথায়, কাকাবাবু কোথায় (১৯৯৬)",Sunil Gangopadhyay,thriller(kakababu),"( কাকাবাবু , রায়চৌধুরী ) , সন্তু  ,  জোজো   , রামা রাও , নরেন্দ্র ভার্মা , মণিকা , রঙ্গরাজ ,  ভার্গব  , বড়বাবু  , হরেন মণ্ডল , রাজমহেন্দ্রী , রাধা , ( পিটার ,  গোমেজ ) , সুলেমান , বিসমিল্লা "
সবুজ দ্বীপের রাজা (১৯৭৮),Sunil Gangopadhyay,thriller(kakababu),"( কাকাবাবু , রায়চৌধুরী ) , সন্তু  , দাশগুপ্ত , মা  , শঙ্করনারায়ণ , প্রীতম সিং , সাহেব , সিং , কৌশিক , ( গুণদা , বুড়ো রাজা )  "
অচেনা মানুষ,Sunil Gangopadhyay,novel,"কর্নেল সেন , মাধবী, রঞ্জন, মামাবাবু , বড়োবাবু , চৌকিদার, রায়বাবু , করবী, সুখেন, সূরযলাল, হরিনাথ"
অরণ্যের দিনরাত্রি,Sunil Gangopadhyay,novel,"রবি, সঞ্জয়, অসীম, রতিলাল, অপর্ণা, শেখর, জয়া, লখা, অনুরাধা, মিঃ বিশ্বাস, রতন , তপতী, সদাশিব"
এক জীবনে,Sunil Gangopadhyay,novel,"ইন্দ্রাণী , নিশানাথ, দেবেন, অনিন্দ্য, সুব্রত, অরবিন্দ, শিখা, সুখময়, জীবন, মণি, সীমন্তিনী, ভাস্কর, মণীশ, বাসন্তী, নাসিরুদ্দিন, বকুল, দেবযানী, পলা, (ধূতিকান্ত, ধৃতি), নিভা, সাবিত্রী, উমা, সঞ্জয় "
পায়ের তলার মাটি,Sunil Gangopadhyay,novel,"দ্বারিক, বীথি, মা, মহাদেব সাহা, সমর দাস, সোমেশ্বর, ভুতো, ভুবন হালদার, সত্যকিঙ্কর সেন, বলাইকাকা,  আশিস, মলয়,  ভুবন, দিবাকর, গোষ্ঠ ভট্টাচার্য , বিটু, নুটু,  রাজেন, অনন্ত , সুখময়, লীলাবউদি, শশিভূষণ দে "
প্রকাশ্য দিবালোকে,Sunil Gangopadhyay,novel,"ভরত গুপ্ত, জয়ন্ত দাশগুপ্ত, গণেশলাল , ছবি, শোভনকুমার , আসিফ, ( দীপু ,দীপাঞ্জন), শান্তা , রতন , উজ্জয়িনী, রঘুনন্দন, ব্রীজমোহন, আত্মারাম, সুগত, স্বরূপা "
মনে মনে খেলা,Sunil Gangopadhyay,novel,"ধূর্জটি, সুপ্রিয়া, অমল , দীপংকর, সরলা , রণজয়, দিলীপ, বনানী, প্রতুল , স্মৃতিকণা"
মনের মানুষ,Sunil Gangopadhyay,novel,"(কবিরাজমশাই, কবিরাজ), জগাই , যদু, বীণা, নকুলেশ্বর,  লালু , পদ্মাবতী , গোলাপি, মানিকচাঁদ, রাবেয়া, ফকির, গুপি , তাহের,  কালুয়া , লালন , কাশেম, দোলাই, কমলি, দুদ্দু, হরিনাথ, মীর, ভানুমতী, কমলি, সিরাজ, মনসুর, মিজান, শীতল"
রানু ও ভানু,Sunil Gangopadhyay,novel,"রানু, জলধর সেন , বেণীমাধব অধিকারী, ফণিভূষণ , বীরেন , কবি, বেলা, রথী, প্রতিমা, ভক্তি, সুকুমার, শরৎচন্দ্র, জলধর , চিত্তরঞ্জন , অ্যান্ড্রুজ, এল্‌মহার্স্ট , সত্যেন, অবনীন্দ্র, সমরেন্দ্র, মীরা "
চলে যায় বসন্তের দিন (২০০২),Humayun Ahmed,novel (Himu)," ( আমি ,  হিমু , হিমালয়) , ( মাজেদা খালা ,  খালা ) , খালু , জহির  , ফুলফুলিয়া , ( শমসের উদ্দিন ,  খাঁ সাহেব ) , ওসি সাহেব , আব্দুর রহমান  "
তোমাদের এই নগরে (২০০০),Humayun Ahmed,novel (Himu),"( আমি ,  হিমু , হিমালয়) ,   রূপা , জয়নাল সাহেব , ( ফরিদা খালা , খালা  ) , আশা , বদরুদ্দিন , আবুল কালাম , রেহানা , সফিক , হাসান , ওসি সাহেব  "
দরজার ওপাশে (১৯৯২),Humayun Ahmed,novel (Himu),"( আমি ,  হিমু , হিমালয়) , বায়েজিদ সাহেব , বসিরুদ্দিন সাহেব , ময়নার মা’  , রফিক ,  ( মোবারক হোসেন , ব্যারিষ্টার সাহেব ) , তিতলী , জহির , ওসি সাহেব , মবিন , রুপা , বড় ফুপু , বাদল ,  ( বড়ফুপা , ফুপা ) , জহিরের মা , যূথী , বাবু , সেতু  "
পারাপার (১৯৯৩),Humayun Ahmed,novel (Himu),"( আমি ,  হিমু , হিমালয়) , আলেয়া খালা , খুকি , ( ইয়াকুব আলি , ইয়াকুব সাহেব ) , মইন , নার্স , ড্রাইভার , খালু , ( খালা , বড়খালা  ) , একলেমুর মিয়া , ( দবির খাঁ  , দবির মিয়া ) , ( ময়নার মা , কইতরী ) , সিরাজ মিয়া , মনোয়ার উদ্দিন , ( বদরুদ্দিন , মুনশি ) , পলিন , মিতু , ছামছু , রূপা , ওসি সাহেব , কুসুম "
ময়ূরাক্ষী (১৯৯০),Humayun Ahmed,novel (Himu),"( আমি , টুটুল , হিমু , হিমালয়) , রূপা , বড়ফুফু , স্যার , বাদল , ( বড়ফুপা , ফুপা ) , ওসি সাহেব , রিনকি , এন্তাজ , মীরা , বুড়ো , লালটু , বাবা "
হিমু (১৯৯৩),Humayun Ahmed,novel (Himu),"( আমি ,  হিমু , হিমালয়) ,  রুপা , এষা , মোরশেদ , ইয়াদ , মজনু মিয়া , মোস্তফা , মুহিব সাহেব ,  নীতু , বাবা  , ইরতাজুল করিম , ( বড়ফুপা , ফুপা ) , বাদল , তুলসী  "
হিমু এবং হার্ভার্ড Ph.D. বল্টুভাই (২০১১),Humayun Ahmed,novel (Himu),"( আমি ,  হিমু , হিমালয়) , ( মাজেদা খালা ,  খালা  ) ,  খালু , বল্টু , ডিজি সাহেব , পিএস , হুজুর  , সালমা , তুতুরি , শর্মিলা , জহির , পরিমল "
হিমু রিমান্ডে (২০০৮),Humayun Ahmed,novel (Himu)," ( আমি ,  হিমু , হিমালয়) , ( মাজেদা খালা ,  খালা ) ,  খালু , কবীর  , ( আয়না মজিদ , মজিদ ) , সুষমা  , বাদল  , হাবীব  , শোভা  , খোকন , বকুল "
হিমুর দ্বিতীয় প্রহর (১৯৯৭),Humayun Ahmed,novel (Himu),"( আমি ,  হিমু , হিমালয়) ,   রূপা ,  ( মেজো ফুপা , ফুপা ) , ফুপু , বাদল , আঁখি , ইসমাইল , বগার মা , ফারজানা , কাওছার মিয়া , ( ওস্তাদ ,  মোফাজল ) , ( শাগরেদ , জহিরুল ) , মীরা , আশরাফুজ্জামান , মিসির আলি , ইয়াসমিন , সাদেক , সুলায়মান ,  নীতু , বাঁধন , রশিদ , ময়লা-বাবা "
হিমুর নীল জোছনা (২০১০),Humayun Ahmed,novel (Himu)," ( আমি ,  হিমু , হিমালয়) , ছামাদ , ( মাজেদা খালা ,  খালা  ) ,  খালু , ( ওসি সাহেব , নাজমুল ) , আফতাব , কেয়া , খেয়া ,  গফু ,  ফারুক , ময়না ,  রিনকি , কংকন "
অনীশ – মিসির আলি,Humayun Ahmed,novel (Misir Ali),"মিসির আলি , ( সুস্মিতা , সিস্টার ) , ডাক্তার সাহেব ,  ( আসমানি , বুড়ি , রূপা ) , বজলু  , রুমা , জয়নাল "
অন্য ভুবন – মিসির আলি,Humayun Ahmed,novel (Misir Ali),"মিসির আলি ,  রেবা , ( বরকতউল্লাহ্  , বরকত ) , তিন্নি , নাজিম , রহিমা , জাবেদ , অমিতা , নীলু"
আমিই মিসির আলি,Humayun Ahmed,novel (Misir Ali),"মিসির আলি , লিলি , সালমা , সুলতান , বরকত , অশ্বিনী বাবু , ইদারিশ "
দেবী – মিসির আলি,Humayun Ahmed,novel (Misir Ali),"মিসির আলি , রানু , আনিস  , ( নীলু , নীলুফার ) , জাহিদ সাহেব , বিলু  , অনুফা , জালালউদ্দিন , জিতু "
নিশীথিনী – মিসির আলি,Humayun Ahmed,novel (Misir Ali),"মিসির আলি , রানু ,  ( নীলু , নীলুফার ) ,  ফিরোজ  , আজমল , (নাজ , নাজনীন ) ,  ( হানিফা ,  ইমা ) , করিম সাহেব  , সাইদুর রহমান , জাহিদ সাহেব  , বিলু  , সাজ্জাদ  , ফরিদা  , ওসমান সাহেব  ,  জহুরুল , মতিয়ুর রহমান  ,  আকন্দ  "
নিষাদ – মিসির আলি,Humayun Ahmed,novel (Misir Ali),"মিসির আলি ,  ( মুনির  , টুলু  ,  টুনু  ) ,  ( নুটু  , ফুলেশ্বরী ) , নিবারণ , মল্লিক , ( নিজামুদ্দিন , নিজাম সাহেব )  , কাদের সাহেব  ,  বিনু  , নীলু  ,  সোবহান সাহেব   "
পুফি – মিসির আলি,Humayun Ahmed,novel (Misir Ali),"মিসির আলি , জোয়ার্দার , অনিকা , সুলতানা , রঞ্জু , খালেক , তুহিন , তুষার , জামাল , শায়লা , শামা , রশিদ , ( বরকতউল্লা , বরকত ) , করিম "
বাঘবন্দি মিসির আলি,Humayun Ahmed,novel (Misir Ali),"মিসির আলি , ইয়াসিন , ( ফতে মিয়া , ফতে ) , লুনা , ফজলু , ( বদরুল , বদরুল সাহেব  ) , প্রতিমা , তসলিমা "
বিপদ – মিসির আলি,Humayun Ahmed,novel (Misir Ali),"মিসির আলি , ( আফসারউদ্দিন , আফসার সাহেব ) , মীরা , কুদ্দুস , সুমী , রুমী , মহসিন , নাজিম , ইসহাক সাহেব , মজনু  "
হরতন ইশকাপন – মিসির আলি,Humayun Ahmed,novel (Misir Ali),"মিসির আলি , মনসুর , ( রেবু , রাবেয়া ) , আজমল , আঁখিতারা , ( হুজুরে কেবল , পীর ভাই ) "
অরক্ষণীয়া,Sarat Chandra Chattopadhyay,novel,"অতুল , ( দুর্গামণি , মেজমাসিমা , দুর্গা ) , জ্ঞানদা , গোলোকনাথ , ( স্বর্ণমঞ্জরি , স্বর্ণ ) ,  ( অনাথনাথ , অনাথ , ঠাকুরপো ) , প্রিয়নাথ , নীলকণ্ঠ , ছোটবৌ , শম্ভু  , মামী , দাশু , ( আদরিণী , পিসিমা ) , মাধুরী , গোপাল"
গৃহদাহ,Sarat Chandra Chattopadhyay,novel,"( মহিম , সেজদা ) ,  সুরেশ ,  (  কেদার মুখয্যে , কেদারবাবু  ) , ( অচলা , সেজদি ) , বিকাশবাবু  , ( নিশীথ , নিশীথবাবু ) , পিসিমা , ঠানদিদি  , হরির মা , যদু  , মৃণাল , ভবানী ঘোষাল , ( মেয়েটি , রাক্ষুসী , বীণাপাণি ) , রামবাবু  , বেহারা , রঘুবীর   "
চন্দ্রনাথ,Sarat Chandra Chattopadhyay,novel,"চন্দ্রনাথ , মণিশঙ্কর , ব্রজকিশোর , হরকালী , হরিদয়াল , বামুন-ঠাকরুন , সরযূ  , ( হরিবালা , ঠানদিদি  ) , ( দয়ালঠাকুর , দয়াল  ) , ( কৈলাসখুড়া , খুড়া , কৈলাসচন্দ্র , কৈলাস  ) , সুলোচনা  , রাখাল , বিশু , শম্ভু  "
চরিত্রহীন,Sarat Chandra Chattopadhyay,novel," সতীশ  ,  ( ভূপতি  , ভূপতিবাবু ) , সাবিত্রী , বেহারী , দিবাকর , মহেশ্বরী , ( উপেন্দ্রনাথ , উপেন্দ্র ) , সুরবালা  , শচী  , ( মোক্ষদা  , ঝি ) , ( ভুবনবাবু  , ভুবনচন্দ্র ) , ( রাখাল ,  রাখালবাবু ) , চক্রবর্তী  , হারান  , ( কিরণময়ী , কিরণ ) , অঘোরময়ী  ,  সরোজিনী , জ্যোতিষ , ডাক্তার , ( শশাঙ্ক , শশাঙ্কমোহন ) , দাসী "
দত্তা,Sarat Chandra Chattopadhyay,novel,"বিজয়া , ( বিলাসবিহারী , বিলাস  ) , ( নরেন্দ্রনাথ ,  নরেন  , নরেন্দ্র  ) , জগদীশ  , বনমালী , রাসবিহারী ,  পরেশ  , কালীপদ , দয়াল  , নলিনী  "
দেনা-পাওনা,Sarat Chandra Chattopadhyay,novel,"জীবানন্দ ,  ( ষোড়শী , অলকা , ভৈরবী ) , বিশ্বম্ভর , এককড়ি , ( তারাদাস চক্রবর্তী  , তারাদাস ) , মহাবীর , ম্যাজিস্ট্রেট  , ইন্‌স্পেক্টরবাবু , রানীর মা  , সর্বেশ্বর শিরোমণি , ( জনার্দন রায় , রায়মহাশয় ) , হৈম , নির্মল , ফকির  , বসু  , সাগর  , প্রফুল্ল , বিপিন  , হরিহর "
দেবদাস,Sarat Chandra Chattopadhyay,novel,"দেবদাস ,  পার্বতী , দ্বিজদাস , চন্দ্রমুখী  , ( ভোলানাথ , ভুলো  ) , পণ্ডিত , ধর্মদাস , নারায়ণবাবু  , মনোরমা  ,  নগেনবাবু , চুনিলাল ,  মহেন্দ্র , যশোদা  , ভুবন , ( জলদবালা , জলদ  ) , ভৈরব  , বড়বৌ  "
নববিধান,Sarat Chandra Chattopadhyay,novel,"(  শৈলেশ্বর , শৈলেশ  ) , দিগ্‌গজ , কালীপদবাবু  , ভূপেনবাবু ,  সোমেন , বিভা  , ঊষা , ( ভূতনাথ , ভূতো ) , উমেশ ভট্‌চায্যি , আকাশ-প্রদীপ , গোকুল  , আবদুল , কুমুদা   , ক্ষেত্রমোহন "
নিষ্কৃতি,Sarat Chandra Chattopadhyay,novel,"গিরীশ , হরিশ , রমেশ , সিদ্ধেশ্বরী  , ( নয়নতারা , মেজবৌ  ),   ( শৈলজা , শৈল  ) , নীলা  , ভবানী চাটুয্যে ,  পটল , বিপিন  , কানাই  , ( হরিচরণ , হরি  ) , মণি , অতুল , মণীন্দ্র ,  গণেশ  "
পথের দাবী,Sarat Chandra Chattopadhyay,novel,"অপূর্ব  , ( সব্যসাচী , ডাক্তার ) , ভারতী , সুমিত্রা   , শশী  , নবতারা , বিনোদ , করুণাময়ী , দরোয়ান , তেওয়ারী , রামদাস  , নিমাইবাবু  , জগদীশ , মনোহর , তলওয়ারকর , কৃষ্ণ , ( হীরা সিং , হীরা ) , ব্রজেন্দ্র  "
পন্ডিতমশাই,Sarat Chandra Chattopadhyay,novel,"( কুঞ্জ  , কুঞ্জনাথ ) , কুসুম , বৃন্দাবন , গৌরদাস , চরণ  , মা  , ভূতো , কেশব , শিবু , ঘোষাল , ব্রজেশ্বরী , গোবর্ধন  , তারিণী , দাসী"
পরিণীতা,Sarat Chandra Chattopadhyay,novel,"ললিতা  ,  শেখর , গুরুচরণ , ( নবীন রায় , নবীন ) , ভুবনেশ্বরী , মনোরমা ,  চারুবালা , ( আন্নাকালী , কালী ) , গিরীন , অবিনাশ , ডাক্তার  "
পল্লী-সমাজ,Sarat Chandra Chattopadhyay,novel,"রমেশ , বেণী ঘোষাল, ( মাসি, ক্ষ্যান্তমাসি ) , রমা , তারিণী  ,  ( যদু মুখুজ্য  , যদু  ) ,   গোবিন্দ গাঙ্গুলী , পরাণ হালদার  , ধর্মদাস , ( জ্যাঠাইমা , বিশ্বেশ্বরী ) , মধু পাল ,  গোপাল সরকার , কৈলাস , মতিলাল , দীনু  ,  বাঁড়ুয্যে , মাস্টার , ভৈরব , ভজুয়া  , যতীন "
বৈকুন্ঠের উইল,Sarat Chandra Chattopadhyay,novel,"বৈকুণ্ঠ  , ভবানী ,  গোকুল , বিনোদ , ( হেমাঙ্গিনী  ,  হিমু  ) ,  ( নিমাই  ,  রায়মশাই ) , (  জয়লাল  , বাঁড়ুয্যেমশাই ) , মনোরমা , ( রসিক , চক্রবর্তী  ) , গিরিশবাবু"
বড়দিদি,Sarat Chandra Chattopadhyay,novel,"( সুরেন্দ্রনাথ , সুরেন্দ্র  ) , ( মাধবী , বড়দিদি  ) ,  প্রমীলা  , মনোরমা  , ( ব্রজরাজবাবু , ব্রজরাজ , ব্রজবাবু ) , শিবচন্দ্র  , রায়মহাশয় , গৃহিণী , যোগেন্দ্রনাথ , বিন্দু  , মথুরবাবু "
শেষ প্রশ্ন,Sarat Chandra Chattopadhyay,novel,"আশুবাবু , ( মনোরমা , মণি ) ,   অবিনাশ  , নীলিমা , শিবনাথ , কমল , হরেন্দ্র , রাজেন্দ্র  , অক্ষয় ,  অজিত ,  সতীশ , রাজেন  , জগৎ , মালিনী"